City_ID,City,Country,Lat,Lng,Max Temp,Humidity,Cloudiness,Wind Speed,Current Description
0,Batemans Bay,AU,-16.9167,145.7667,72.07,94,6,8.05,clear sky
1,Atuona,AU,-16.9167,145.7667,72.07,94,6,8.05,clear sky
2,Boundiali,AU,-16.9167,145.7667,72.07,94,6,8.05,clear sky
3,Rikitea,AU,-16.9167,145.7667,72.07,94,6,8.05,clear sky
4,Tahoua,AU,-16.9167,145.7667,72.07,94,6,8.05,clear sky
5,Cape Town,AU,-16.9167,145.7667,72.07,94,6,8.05,clear sky
6,Beyneu,AU,-16.9167,145.7667,72.07,94,6,8.05,clear sky
7,Illoqqortoormiut,AU,-16.9167,145.7667,72.07,94,6,8.05,clear sky
8,Hasaki,AU,-16.9167,145.7667,72.07,94,6,8.05,clear sky
9,Avarua,AU,-16.9167,145.7667,72.07,94,6,8.05,clear sky
10,Kapaa,AU,-16.9167,145.7667,72.07,94,6,8.05,clear sky
11,Valparaiso,AU,-16.9167,145.7667,72.07,94,6,8.05,clear sky
12,Kruisfontein,AU,-16.9167,145.7667,72.07,94,6,8.05,clear sky
13,Champoton,AU,-16.9167,145.7667,72.07,94,6,8.05,clear sky
14,Ushuaia,AU,-16.9167,145.7667,72.07,94,6,8.05,clear sky
15,Port Alfred,AU,-16.9167,145.7667,72.07,94,6,8.05,clear sky
16,Saint George,AU,-16.9167,145.7667,72.07,94,6,8.05,clear sky
17,Pingdingshan,AU,-16.9167,145.7667,72.07,94,6,8.05,clear sky
18,Ballina,AU,-16.9167,145.7667,72.07,94,6,8.05,clear sky
19,Husavik,AU,-16.9167,145.7667,72.07,94,6,8.05,clear sky
20,Carnarvon,AU,-16.9167,145.7667,72.07,94,6,8.05,clear sky
21,Gladstone,AU,-16.9167,145.7667,72.07,94,6,8.05,clear sky
22,Ongandjera,AU,-16.9167,145.7667,72.07,94,6,8.05,clear sky
23,Jamestown,AU,-16.9167,145.7667,72.07,94,6,8.05,clear sky
24,Dinghai,AU,-16.9167,145.7667,72.07,94,6,8.05,clear sky
25,Snezhnogorsk,AU,-16.9167,145.7667,72.07,94,6,8.05,clear sky
26,Morgan City,AU,-16.9167,145.7667,72.07,94,6,8.05,clear sky
27,Nanortalik,AU,-16.9167,145.7667,72.07,94,6,8.05,clear sky
28,Belushya Guba,AU,-16.9167,145.7667,72.07,94,6,8.05,clear sky
29,Lompoc,AU,-16.9167,145.7667,72.07,94,6,8.05,clear sky
30,Hermanus,AU,-16.9167,145.7667,72.07,94,6,8.05,clear sky
31,Punta Arenas,AU,-16.9167,145.7667,72.07,94,6,8.05,clear sky
32,Busselton,AU,-16.9167,145.7667,72.07,94,6,8.05,clear sky
33,Angoram,AU,-16.9167,145.7667,72.07,94,6,8.05,clear sky
34,Geraldton,AU,-16.9167,145.7667,72.07,94,6,8.05,clear sky
35,Iracoubo,AU,-16.9167,145.7667,72.07,94,6,8.05,clear sky
36,Kodiak,AU,-16.9167,145.7667,72.07,94,6,8.05,clear sky
37,Bredasdorp,AU,-16.9167,145.7667,72.07,94,6,8.05,clear sky
38,Healdsburg,AU,-16.9167,145.7667,72.07,94,6,8.05,clear sky
39,Mys Shmidta,AU,-16.9167,145.7667,72.07,94,6,8.05,clear sky
40,Alta Floresta,AU,-16.9167,145.7667,72.07,94,6,8.05,clear sky
41,Ponta Delgada,AU,-16.9167,145.7667,72.07,94,6,8.05,clear sky
42,Savinka,AU,-16.9167,145.7667,72.07,94,6,8.05,clear sky
43,Goderich,AU,-16.9167,145.7667,72.07,94,6,8.05,clear sky
44,Imaculada,AU,-16.9167,145.7667,72.07,94,6,8.05,clear sky
45,Bluff,AU,-16.9167,145.7667,72.07,94,6,8.05,clear sky
46,Ribeira Grande,AU,-16.9167,145.7667,72.07,94,6,8.05,clear sky
47,Tuatapere,AU,-16.9167,145.7667,72.07,94,6,8.05,clear sky
48,Albany,AU,-16.9167,145.7667,72.07,94,6,8.05,clear sky
49,Taolanaro,AU,-16.9167,145.7667,72.07,94,6,8.05,clear sky
50,Mahebourg,AU,-16.9167,145.7667,72.07,94,6,8.05,clear sky
51,Nushki,AU,-16.9167,145.7667,72.07,94,6,8.05,clear sky
52,Ust-Kuyga,AU,-16.9167,145.7667,72.07,94,6,8.05,clear sky
53,Sisimiut,AU,-16.9167,145.7667,72.07,94,6,8.05,clear sky
54,Puerto Ayora,AU,-16.9167,145.7667,72.07,94,6,8.05,clear sky
55,Piryion,AU,-16.9167,145.7667,72.07,94,6,8.05,clear sky
56,Aklavik,AU,-16.9167,145.7667,72.07,94,6,8.05,clear sky
57,Boa Vista,AU,-16.9167,145.7667,72.07,94,6,8.05,clear sky
58,Bubaque,AU,-16.9167,145.7667,72.07,94,6,8.05,clear sky
59,Butaritari,AU,-16.9167,145.7667,72.07,94,6,8.05,clear sky
60,Tazmalt,AU,-16.9167,145.7667,72.07,94,6,8.05,clear sky
61,Hokitika,AU,-16.9167,145.7667,72.07,94,6,8.05,clear sky
62,Palabuhanratu,AU,-16.9167,145.7667,72.07,94,6,8.05,clear sky
63,Saint-Francois,AU,-16.9167,145.7667,72.07,94,6,8.05,clear sky
64,Sobolevo,AU,-16.9167,145.7667,72.07,94,6,8.05,clear sky
65,Saint-Philippe,AU,-16.9167,145.7667,72.07,94,6,8.05,clear sky
66,Norman Wells,AU,-16.9167,145.7667,72.07,94,6,8.05,clear sky
67,Souillac,AU,-16.9167,145.7667,72.07,94,6,8.05,clear sky
68,Leningradskiy,AU,-16.9167,145.7667,72.07,94,6,8.05,clear sky
69,Mount Isa,AU,-16.9167,145.7667,72.07,94,6,8.05,clear sky
70,Bambous Virieux,AU,-16.9167,145.7667,72.07,94,6,8.05,clear sky
71,Lorengau,AU,-16.9167,145.7667,72.07,94,6,8.05,clear sky
72,Dikson,AU,-16.9167,145.7667,72.07,94,6,8.05,clear sky
73,Teguise,AU,-16.9167,145.7667,72.07,94,6,8.05,clear sky
74,Peniche,AU,-16.9167,145.7667,72.07,94,6,8.05,clear sky
75,Lebu,AU,-16.9167,145.7667,72.07,94,6,8.05,clear sky
76,Kommunisticheskiy,AU,-16.9167,145.7667,72.07,94,6,8.05,clear sky
77,Attawapiskat,AU,-16.9167,145.7667,72.07,94,6,8.05,clear sky
78,Hami,AU,-16.9167,145.7667,72.07,94,6,8.05,clear sky
79,Khatanga,AU,-16.9167,145.7667,72.07,94,6,8.05,clear sky
80,Uige,AU,-16.9167,145.7667,72.07,94,6,8.05,clear sky
81,Provideniya,AU,-16.9167,145.7667,72.07,94,6,8.05,clear sky
82,Ciudad Bolivar,AU,-16.9167,145.7667,72.07,94,6,8.05,clear sky
83,Port Elizabeth,AU,-16.9167,145.7667,72.07,94,6,8.05,clear sky
84,Cherskiy,AU,-16.9167,145.7667,72.07,94,6,8.05,clear sky
85,Vaini,AU,-16.9167,145.7667,72.07,94,6,8.05,clear sky
86,Honningsvag,AU,-16.9167,145.7667,72.07,94,6,8.05,clear sky
87,Nikolskoye,AU,-16.9167,145.7667,72.07,94,6,8.05,clear sky
88,Iqaluit,AU,-16.9167,145.7667,72.07,94,6,8.05,clear sky
89,Castro,AU,-16.9167,145.7667,72.07,94,6,8.05,clear sky
90,Pevek,AU,-16.9167,145.7667,72.07,94,6,8.05,clear sky
91,Canutama,AU,-16.9167,145.7667,72.07,94,6,8.05,clear sky
92,Deputatskiy,AU,-16.9167,145.7667,72.07,94,6,8.05,clear sky
93,Kandiari,AU,-16.9167,145.7667,72.07,94,6,8.05,clear sky
94,Aginskoye,AU,-16.9167,145.7667,72.07,94,6,8.05,clear sky
95,Clyde River,AU,-16.9167,145.7667,72.07,94,6,8.05,clear sky
96,Tuktoyaktuk,AU,-16.9167,145.7667,72.07,94,6,8.05,clear sky
97,Tasiilaq,AU,-16.9167,145.7667,72.07,94,6,8.05,clear sky
98,East London,AU,-16.9167,145.7667,72.07,94,6,8.05,clear sky
99,Mandalgovi,AU,-16.9167,145.7667,72.07,94,6,8.05,clear sky
100,Nipawin,AU,-16.9167,145.7667,72.07,94,6,8.05,clear sky
101,Ilulissat,AU,-16.9167,145.7667,72.07,94,6,8.05,clear sky
102,Ketchikan,AU,-16.9167,145.7667,72.07,94,6,8.05,clear sky
103,Grindavik,AU,-16.9167,145.7667,72.07,94,6,8.05,clear sky
104,Nizhneyansk,AU,-16.9167,145.7667,72.07,94,6,8.05,clear sky
105,New Norfolk,AU,-16.9167,145.7667,72.07,94,6,8.05,clear sky
106,Aykhal,AU,-16.9167,145.7667,72.07,94,6,8.05,clear sky
107,Raisinghnagar,AU,-16.9167,145.7667,72.07,94,6,8.05,clear sky
108,Beringovskiy,AU,-16.9167,145.7667,72.07,94,6,8.05,clear sky
109,Bethel,AU,-16.9167,145.7667,72.07,94,6,8.05,clear sky
110,Saskylakh,AU,-16.9167,145.7667,72.07,94,6,8.05,clear sky
111,Victoria,AU,-16.9167,145.7667,72.07,94,6,8.05,clear sky
112,Hilo,AU,-16.9167,145.7667,72.07,94,6,8.05,clear sky
113,Olafsvik,AU,-16.9167,145.7667,72.07,94,6,8.05,clear sky
114,Esperance,AU,-16.9167,145.7667,72.07,94,6,8.05,clear sky
115,Upernavik,AU,-16.9167,145.7667,72.07,94,6,8.05,clear sky
116,Mosquera,AU,-16.9167,145.7667,72.07,94,6,8.05,clear sky
117,Kiunga,AU,-16.9167,145.7667,72.07,94,6,8.05,clear sky
118,Torbay,AU,-16.9167,145.7667,72.07,94,6,8.05,clear sky
119,Los Llanos De Aridane,AU,-16.9167,145.7667,72.07,94,6,8.05,clear sky
120,Yashkul,AU,-16.9167,145.7667,72.07,94,6,8.05,clear sky
121,Pacific Grove,AU,-16.9167,145.7667,72.07,94,6,8.05,clear sky
122,Hobyo,AU,-16.9167,145.7667,72.07,94,6,8.05,clear sky
123,Kimamba,AU,-16.9167,145.7667,72.07,94,6,8.05,clear sky
124,Malwan,AU,-16.9167,145.7667,72.07,94,6,8.05,clear sky
125,Krasnoselkup,AU,-16.9167,145.7667,72.07,94,6,8.05,clear sky
126,Faanui,AU,-16.9167,145.7667,72.07,94,6,8.05,clear sky
127,Ponta Do Sol,AU,-16.9167,145.7667,72.07,94,6,8.05,clear sky
128,Lolua,AU,-16.9167,145.7667,72.07,94,6,8.05,clear sky
129,Eyl,AU,-16.9167,145.7667,72.07,94,6,8.05,clear sky
130,Plettenberg Bay,AU,-16.9167,145.7667,72.07,94,6,8.05,clear sky
131,Mar Del Plata,AU,-16.9167,145.7667,72.07,94,6,8.05,clear sky
132,Kahului,AU,-16.9167,145.7667,72.07,94,6,8.05,clear sky
133,Dauriya,AU,-16.9167,145.7667,72.07,94,6,8.05,clear sky
134,Sentyabrskiy,AU,-16.9167,145.7667,72.07,94,6,8.05,clear sky
135,Mayor Pablo Lagerenza,AU,-16.9167,145.7667,72.07,94,6,8.05,clear sky
136,Ahipara,AU,-16.9167,145.7667,72.07,94,6,8.05,clear sky
137,Buariki,AU,-16.9167,145.7667,72.07,94,6,8.05,clear sky
138,Vila,AU,-16.9167,145.7667,72.07,94,6,8.05,clear sky
139,Georgetown,AU,-16.9167,145.7667,72.07,94,6,8.05,clear sky
140,Wahran,AU,-16.9167,145.7667,72.07,94,6,8.05,clear sky
141,Port Augusta,AU,-16.9167,145.7667,72.07,94,6,8.05,clear sky
142,Jishou,AU,-16.9167,145.7667,72.07,94,6,8.05,clear sky
143,Santa Marinella,AU,-16.9167,145.7667,72.07,94,6,8.05,clear sky
144,Katsuura,AU,-16.9167,145.7667,72.07,94,6,8.05,clear sky
145,Talaya,AU,-16.9167,145.7667,72.07,94,6,8.05,clear sky
146,Vardo,AU,-16.9167,145.7667,72.07,94,6,8.05,clear sky
147,Coquimbo,AU,-16.9167,145.7667,72.07,94,6,8.05,clear sky
148,Erenhot,AU,-16.9167,145.7667,72.07,94,6,8.05,clear sky
149,Bengkulu,AU,-16.9167,145.7667,72.07,94,6,8.05,clear sky
150,Severo-Kurilsk,AU,-16.9167,145.7667,72.07,94,6,8.05,clear sky
151,Rostaq,AU,-16.9167,145.7667,72.07,94,6,8.05,clear sky
152,Tual,AU,-16.9167,145.7667,72.07,94,6,8.05,clear sky
153,Tupik,AU,-16.9167,145.7667,72.07,94,6,8.05,clear sky
154,Le Port,AU,-16.9167,145.7667,72.07,94,6,8.05,clear sky
155,San Quintin,AU,-16.9167,145.7667,72.07,94,6,8.05,clear sky
156,Samusu,AU,-16.9167,145.7667,72.07,94,6,8.05,clear sky
157,Dolores,AU,-16.9167,145.7667,72.07,94,6,8.05,clear sky
158,Kyshtovka,AU,-16.9167,145.7667,72.07,94,6,8.05,clear sky
159,Makakilo City,AU,-16.9167,145.7667,72.07,94,6,8.05,clear sky
160,Hobart,AU,-16.9167,145.7667,72.07,94,6,8.05,clear sky
161,Yellowknife,AU,-16.9167,145.7667,72.07,94,6,8.05,clear sky
162,Ixtapa,AU,-16.9167,145.7667,72.07,94,6,8.05,clear sky
163,Lagoa,AU,-16.9167,145.7667,72.07,94,6,8.05,clear sky
164,Poya,AU,-16.9167,145.7667,72.07,94,6,8.05,clear sky
165,Barrow,AU,-16.9167,145.7667,72.07,94,6,8.05,clear sky
166,Rio Verde De Mato Grosso,AU,-16.9167,145.7667,72.07,94,6,8.05,clear sky
167,Kavaratti,AU,-16.9167,145.7667,72.07,94,6,8.05,clear sky
168,Honiara,AU,-16.9167,145.7667,72.07,94,6,8.05,clear sky
169,Kizilskoye,AU,-16.9167,145.7667,72.07,94,6,8.05,clear sky
170,Svarstad,AU,-16.9167,145.7667,72.07,94,6,8.05,clear sky
171,Sundsvall,AU,-16.9167,145.7667,72.07,94,6,8.05,clear sky
172,Arlit,AU,-16.9167,145.7667,72.07,94,6,8.05,clear sky
173,Yerbogachen,AU,-16.9167,145.7667,72.07,94,6,8.05,clear sky
174,Kilindoni,AU,-16.9167,145.7667,72.07,94,6,8.05,clear sky
175,Belaya Gora,AU,-16.9167,145.7667,72.07,94,6,8.05,clear sky
176,Kavieng,AU,-16.9167,145.7667,72.07,94,6,8.05,clear sky
177,Sioux Lookout,AU,-16.9167,145.7667,72.07,94,6,8.05,clear sky
178,Chabahar,AU,-16.9167,145.7667,72.07,94,6,8.05,clear sky
179,Salalah,AU,-16.9167,145.7667,72.07,94,6,8.05,clear sky
180,Luderitz,AU,-16.9167,145.7667,72.07,94,6,8.05,clear sky
181,Mulege,AU,-16.9167,145.7667,72.07,94,6,8.05,clear sky
182,Touros,AU,-16.9167,145.7667,72.07,94,6,8.05,clear sky
183,Nortelandia,AU,-16.9167,145.7667,72.07,94,6,8.05,clear sky
184,Nhulunbuy,AU,-16.9167,145.7667,72.07,94,6,8.05,clear sky
185,Saryozek,AU,-16.9167,145.7667,72.07,94,6,8.05,clear sky
186,Novoilinsk,AU,-16.9167,145.7667,72.07,94,6,8.05,clear sky
187,Lahij,AU,-16.9167,145.7667,72.07,94,6,8.05,clear sky
188,San Cristobal,AU,-16.9167,145.7667,72.07,94,6,8.05,clear sky
189,Arraial Do Cabo,AU,-16.9167,145.7667,72.07,94,6,8.05,clear sky
190,Jabinyanah,AU,-16.9167,145.7667,72.07,94,6,8.05,clear sky
191,Kuching,AU,-16.9167,145.7667,72.07,94,6,8.05,clear sky
192,Tahe,AU,-16.9167,145.7667,72.07,94,6,8.05,clear sky
193,Kaeo,AU,-16.9167,145.7667,72.07,94,6,8.05,clear sky
194,Ancud,AU,-16.9167,145.7667,72.07,94,6,8.05,clear sky
195,Qaanaaq,AU,-16.9167,145.7667,72.07,94,6,8.05,clear sky
196,Kichera,AU,-16.9167,145.7667,72.07,94,6,8.05,clear sky
197,Thompson,AU,-16.9167,145.7667,72.07,94,6,8.05,clear sky
198,Ekhabi,AU,-16.9167,145.7667,72.07,94,6,8.05,clear sky
199,Chokurdakh,AU,-16.9167,145.7667,72.07,94,6,8.05,clear sky
200,Avera,AU,-16.9167,145.7667,72.07,94,6,8.05,clear sky
201,Pemangkat,AU,-16.9167,145.7667,72.07,94,6,8.05,clear sky
202,Nome,AU,-16.9167,145.7667,72.07,94,6,8.05,clear sky
203,Vylkove,AU,-16.9167,145.7667,72.07,94,6,8.05,clear sky
204,Longyearbyen,AU,-16.9167,145.7667,72.07,94,6,8.05,clear sky
205,Karaul,AU,-16.9167,145.7667,72.07,94,6,8.05,clear sky
206,Kushmurun,AU,-16.9167,145.7667,72.07,94,6,8.05,clear sky
207,Nacala,AU,-16.9167,145.7667,72.07,94,6,8.05,clear sky
208,Zhigansk,AU,-16.9167,145.7667,72.07,94,6,8.05,clear sky
209,Asau,AU,-16.9167,145.7667,72.07,94,6,8.05,clear sky
210,Chuy,AU,-16.9167,145.7667,72.07,94,6,8.05,clear sky
211,Port Hueneme,AU,-16.9167,145.7667,72.07,94,6,8.05,clear sky
212,Bababe,AU,-16.9167,145.7667,72.07,94,6,8.05,clear sky
213,Pingliang,AU,-16.9167,145.7667,72.07,94,6,8.05,clear sky
214,Casper,AU,-16.9167,145.7667,72.07,94,6,8.05,clear sky
215,Paciran,AU,-16.9167,145.7667,72.07,94,6,8.05,clear sky
216,Haibowan,AU,-16.9167,145.7667,72.07,94,6,8.05,clear sky
217,Saryshagan,AU,-16.9167,145.7667,72.07,94,6,8.05,clear sky
218,Camacha,AU,-16.9167,145.7667,72.07,94,6,8.05,clear sky
219,Ambodifototra,AU,-16.9167,145.7667,72.07,94,6,8.05,clear sky
220,Mataura,AU,-16.9167,145.7667,72.07,94,6,8.05,clear sky
221,Paamiut,AU,-16.9167,145.7667,72.07,94,6,8.05,clear sky
222,Sinaloa,AU,-16.9167,145.7667,72.07,94,6,8.05,clear sky
223,Kayerkan,AU,-16.9167,145.7667,72.07,94,6,8.05,clear sky
224,Saquena,AU,-16.9167,145.7667,72.07,94,6,8.05,clear sky
225,Bogorodskoye,AU,-16.9167,145.7667,72.07,94,6,8.05,clear sky
226,Pochutla,AU,-16.9167,145.7667,72.07,94,6,8.05,clear sky
227,Kingston,AU,-16.9167,145.7667,72.07,94,6,8.05,clear sky
228,Chalakudi,AU,-16.9167,145.7667,72.07,94,6,8.05,clear sky
229,Marsh Harbour,AU,-16.9167,145.7667,72.07,94,6,8.05,clear sky
230,Yei,AU,-16.9167,145.7667,72.07,94,6,8.05,clear sky
231,Saldanha,AU,-16.9167,145.7667,72.07,94,6,8.05,clear sky
232,Oistins,AU,-16.9167,145.7667,72.07,94,6,8.05,clear sky
233,Vilaka,AU,-16.9167,145.7667,72.07,94,6,8.05,clear sky
234,Manokwari,AU,-16.9167,145.7667,72.07,94,6,8.05,clear sky
235,San Luis,AU,-16.9167,145.7667,72.07,94,6,8.05,clear sky
236,Kulhudhuffushi,AU,-16.9167,145.7667,72.07,94,6,8.05,clear sky
237,Kareli,AU,-16.9167,145.7667,72.07,94,6,8.05,clear sky
238,Sorland,AU,-16.9167,145.7667,72.07,94,6,8.05,clear sky
239,Guerrero Negro,AU,-16.9167,145.7667,72.07,94,6,8.05,clear sky
240,Cody,AU,-16.9167,145.7667,72.07,94,6,8.05,clear sky
241,Yumen,AU,-16.9167,145.7667,72.07,94,6,8.05,clear sky
242,Mattru,AU,-16.9167,145.7667,72.07,94,6,8.05,clear sky
243,Margate,AU,-16.9167,145.7667,72.07,94,6,8.05,clear sky
244,Ornskoldsvik,AU,-16.9167,145.7667,72.07,94,6,8.05,clear sky
245,Portland,AU,-16.9167,145.7667,72.07,94,6,8.05,clear sky
246,Lipany,AU,-16.9167,145.7667,72.07,94,6,8.05,clear sky
247,Yanan,AU,-16.9167,145.7667,72.07,94,6,8.05,clear sky
248,Isangel,AU,-16.9167,145.7667,72.07,94,6,8.05,clear sky
249,Mandurah,AU,-16.9167,145.7667,72.07,94,6,8.05,clear sky
250,Vestmannaeyjar,AU,-16.9167,145.7667,72.07,94,6,8.05,clear sky
251,Laguna,AU,-16.9167,145.7667,72.07,94,6,8.05,clear sky
252,Okhotsk,AU,-16.9167,145.7667,72.07,94,6,8.05,clear sky
253,Ambovombe,AU,-16.9167,145.7667,72.07,94,6,8.05,clear sky
254,Morondava,AU,-16.9167,145.7667,72.07,94,6,8.05,clear sky
255,Waingapu,AU,-16.9167,145.7667,72.07,94,6,8.05,clear sky
256,Yulara,AU,-16.9167,145.7667,72.07,94,6,8.05,clear sky
257,Neiafu,AU,-16.9167,145.7667,72.07,94,6,8.05,clear sky
258,Nouadhibou,AU,-16.9167,145.7667,72.07,94,6,8.05,clear sky
259,Vaitupu,AU,-16.9167,145.7667,72.07,94,6,8.05,clear sky
260,Hong Gai,AU,-16.9167,145.7667,72.07,94,6,8.05,clear sky
261,Figeac,AU,-16.9167,145.7667,72.07,94,6,8.05,clear sky
262,Imeni Zhelyabova,AU,-16.9167,145.7667,72.07,94,6,8.05,clear sky
263,Birjand,AU,-16.9167,145.7667,72.07,94,6,8.05,clear sky
264,Biak,AU,-16.9167,145.7667,72.07,94,6,8.05,clear sky
265,Rio Gallegos,AU,-16.9167,145.7667,72.07,94,6,8.05,clear sky
266,Lalmohan,AU,-16.9167,145.7667,72.07,94,6,8.05,clear sky
267,Coruripe,AU,-16.9167,145.7667,72.07,94,6,8.05,clear sky
268,Tazovskiy,AU,-16.9167,145.7667,72.07,94,6,8.05,clear sky
269,Luwuk,AU,-16.9167,145.7667,72.07,94,6,8.05,clear sky
270,Sainthia,AU,-16.9167,145.7667,72.07,94,6,8.05,clear sky
271,Macklin,AU,-16.9167,145.7667,72.07,94,6,8.05,clear sky
272,Antalaha,AU,-16.9167,145.7667,72.07,94,6,8.05,clear sky
273,Bichura,AU,-16.9167,145.7667,72.07,94,6,8.05,clear sky
274,Yangjiang,AU,-16.9167,145.7667,72.07,94,6,8.05,clear sky
275,Nikolayevsk-Na-Amure,AU,-16.9167,145.7667,72.07,94,6,8.05,clear sky
276,Talnakh,AU,-16.9167,145.7667,72.07,94,6,8.05,clear sky
277,Tweed,AU,-16.9167,145.7667,72.07,94,6,8.05,clear sky
278,Kiruna,AU,-16.9167,145.7667,72.07,94,6,8.05,clear sky
279,Quatre Cocos,AU,-16.9167,145.7667,72.07,94,6,8.05,clear sky
280,Chipinge,AU,-16.9167,145.7667,72.07,94,6,8.05,clear sky
281,Kaitangata,AU,-16.9167,145.7667,72.07,94,6,8.05,clear sky
282,Cah Ab,AU,-16.9167,145.7667,72.07,94,6,8.05,clear sky
283,Atar,AU,-16.9167,145.7667,72.07,94,6,8.05,clear sky
284,Jimma,AU,-16.9167,145.7667,72.07,94,6,8.05,clear sky
285,Lady Frere,AU,-16.9167,145.7667,72.07,94,6,8.05,clear sky
286,Zyryanka,AU,-16.9167,145.7667,72.07,94,6,8.05,clear sky
287,Dunedin,AU,-16.9167,145.7667,72.07,94,6,8.05,clear sky
288,Barentsburg,AU,-16.9167,145.7667,72.07,94,6,8.05,clear sky
289,Houma,AU,-16.9167,145.7667,72.07,94,6,8.05,clear sky
290,General Salgado,AU,-16.9167,145.7667,72.07,94,6,8.05,clear sky
291,Mecca,AU,-16.9167,145.7667,72.07,94,6,8.05,clear sky
292,Linhares,AU,-16.9167,145.7667,72.07,94,6,8.05,clear sky
293,Port Hardy,AU,-16.9167,145.7667,72.07,94,6,8.05,clear sky
294,Ahuimanu,AU,-16.9167,145.7667,72.07,94,6,8.05,clear sky
295,Sawakin,AU,-16.9167,145.7667,72.07,94,6,8.05,clear sky
296,Codrington,AU,-16.9167,145.7667,72.07,94,6,8.05,clear sky
297,Angouleme,AU,-16.9167,145.7667,72.07,94,6,8.05,clear sky
298,Boueni,AU,-16.9167,145.7667,72.07,94,6,8.05,clear sky
299,Zalantun,AU,-16.9167,145.7667,72.07,94,6,8.05,clear sky
300,Dong Hoi,AU,-16.9167,145.7667,72.07,94,6,8.05,clear sky
301,Utiroa,AU,-16.9167,145.7667,72.07,94,6,8.05,clear sky
302,Tiksi,AU,-16.9167,145.7667,72.07,94,6,8.05,clear sky
303,Brownwood,AU,-16.9167,145.7667,72.07,94,6,8.05,clear sky
304,Vallenar,AU,-16.9167,145.7667,72.07,94,6,8.05,clear sky
305,Zhitikara,AU,-16.9167,145.7667,72.07,94,6,8.05,clear sky
306,Constitucion,AU,-16.9167,145.7667,72.07,94,6,8.05,clear sky
307,Sakakah,AU,-16.9167,145.7667,72.07,94,6,8.05,clear sky
308,Clarksburg,AU,-16.9167,145.7667,72.07,94,6,8.05,clear sky
309,Evensk,AU,-16.9167,145.7667,72.07,94,6,8.05,clear sky
310,Benito Juarez,AU,-16.9167,145.7667,72.07,94,6,8.05,clear sky
311,Bagdarin,AU,-16.9167,145.7667,72.07,94,6,8.05,clear sky
312,Lakes Entrance,AU,-16.9167,145.7667,72.07,94,6,8.05,clear sky
313,La Romana,AU,-16.9167,145.7667,72.07,94,6,8.05,clear sky
314,Tabiauea,AU,-16.9167,145.7667,72.07,94,6,8.05,clear sky
315,Umzimvubu,AU,-16.9167,145.7667,72.07,94,6,8.05,clear sky
316,Artesia,AU,-16.9167,145.7667,72.07,94,6,8.05,clear sky
317,Stabat,AU,-16.9167,145.7667,72.07,94,6,8.05,clear sky
318,Nisia Floresta,AU,-16.9167,145.7667,72.07,94,6,8.05,clear sky
319,Fortuna,AU,-16.9167,145.7667,72.07,94,6,8.05,clear sky
320,Ternate,AU,-16.9167,145.7667,72.07,94,6,8.05,clear sky
321,Alibag,AU,-16.9167,145.7667,72.07,94,6,8.05,clear sky
322,Westport,AU,-16.9167,145.7667,72.07,94,6,8.05,clear sky
323,Atagay,AU,-16.9167,145.7667,72.07,94,6,8.05,clear sky
324,Beni,AU,-16.9167,145.7667,72.07,94,6,8.05,clear sky
325,Bilibino,AU,-16.9167,145.7667,72.07,94,6,8.05,clear sky
326,Acarau,AU,-16.9167,145.7667,72.07,94,6,8.05,clear sky
327,Abu Dhabi,AU,-16.9167,145.7667,72.07,94,6,8.05,clear sky
328,Amderma,AU,-16.9167,145.7667,72.07,94,6,8.05,clear sky
329,Prado,AU,-16.9167,145.7667,72.07,94,6,8.05,clear sky
330,Trairi,AU,-16.9167,145.7667,72.07,94,6,8.05,clear sky
331,Narsaq,AU,-16.9167,145.7667,72.07,94,6,8.05,clear sky
332,Alekseyevskaya,AU,-16.9167,145.7667,72.07,94,6,8.05,clear sky
333,Omsukchan,AU,-16.9167,145.7667,72.07,94,6,8.05,clear sky
334,Swift Current,AU,-16.9167,145.7667,72.07,94,6,8.05,clear sky
335,Luancheng,AU,-16.9167,145.7667,72.07,94,6,8.05,clear sky
336,Katobu,AU,-16.9167,145.7667,72.07,94,6,8.05,clear sky
337,Klaksvik,AU,-16.9167,145.7667,72.07,94,6,8.05,clear sky
338,Nguiu,AU,-16.9167,145.7667,72.07,94,6,8.05,clear sky
339,Baza,AU,-16.9167,145.7667,72.07,94,6,8.05,clear sky
340,Kamenskoye,AU,-16.9167,145.7667,72.07,94,6,8.05,clear sky
341,San Juan,AU,-16.9167,145.7667,72.07,94,6,8.05,clear sky
342,Tinskoy,AU,-16.9167,145.7667,72.07,94,6,8.05,clear sky
343,Meyungs,AU,-16.9167,145.7667,72.07,94,6,8.05,clear sky
344,Sola,AU,-16.9167,145.7667,72.07,94,6,8.05,clear sky
345,Vostok,AU,-16.9167,145.7667,72.07,94,6,8.05,clear sky
346,Goundam,AU,-16.9167,145.7667,72.07,94,6,8.05,clear sky
347,Grand River South East,AU,-16.9167,145.7667,72.07,94,6,8.05,clear sky
348,Ciras,AU,-16.9167,145.7667,72.07,94,6,8.05,clear sky
349,Abu Kamal,AU,-16.9167,145.7667,72.07,94,6,8.05,clear sky
350,Bereda,AU,-16.9167,145.7667,72.07,94,6,8.05,clear sky
351,Chara,AU,-16.9167,145.7667,72.07,94,6,8.05,clear sky
352,Hamilton,AU,-16.9167,145.7667,72.07,94,6,8.05,clear sky
353,Bandarbeyla,AU,-16.9167,145.7667,72.07,94,6,8.05,clear sky
354,Sapouy,AU,-16.9167,145.7667,72.07,94,6,8.05,clear sky
355,Saint Anthony,AU,-16.9167,145.7667,72.07,94,6,8.05,clear sky
356,Portsmouth,AU,-16.9167,145.7667,72.07,94,6,8.05,clear sky
357,Qiongshan,AU,-16.9167,145.7667,72.07,94,6,8.05,clear sky
358,Mareeba,AU,-16.9167,145.7667,72.07,94,6,8.05,clear sky
359,Popondetta,AU,-16.9167,145.7667,72.07,94,6,8.05,clear sky
360,Hithadhoo,AU,-16.9167,145.7667,72.07,94,6,8.05,clear sky
361,Flin Flon,AU,-16.9167,145.7667,72.07,94,6,8.05,clear sky
362,Olkhovatka,AU,-16.9167,145.7667,72.07,94,6,8.05,clear sky
363,Kot Diji,AU,-16.9167,145.7667,72.07,94,6,8.05,clear sky
364,Cap Malheureux,AU,-16.9167,145.7667,72.07,94,6,8.05,clear sky
365,Tarakan,AU,-16.9167,145.7667,72.07,94,6,8.05,clear sky
366,Mansa,AU,-16.9167,145.7667,72.07,94,6,8.05,clear sky
367,Bahia Blanca,AU,-16.9167,145.7667,72.07,94,6,8.05,clear sky
368,Tigil,AU,-16.9167,145.7667,72.07,94,6,8.05,clear sky
369,Chapais,AU,-16.9167,145.7667,72.07,94,6,8.05,clear sky
370,Ventspils,AU,-16.9167,145.7667,72.07,94,6,8.05,clear sky
371,Muroto,AU,-16.9167,145.7667,72.07,94,6,8.05,clear sky
372,Kalianget,AU,-16.9167,145.7667,72.07,94,6,8.05,clear sky
373,Libertador General San Martin,AU,-16.9167,145.7667,72.07,94,6,8.05,clear sky
374,Champerico,AU,-16.9167,145.7667,72.07,94,6,8.05,clear sky
375,Komsomolskiy,AU,-16.9167,145.7667,72.07,94,6,8.05,clear sky
376,Sao Filipe,AU,-16.9167,145.7667,72.07,94,6,8.05,clear sky
377,Cacu,AU,-16.9167,145.7667,72.07,94,6,8.05,clear sky
378,Fuyu,AU,-16.9167,145.7667,72.07,94,6,8.05,clear sky
379,Mandera,AU,-16.9167,145.7667,72.07,94,6,8.05,clear sky
380,Cabra,AU,-16.9167,145.7667,72.07,94,6,8.05,clear sky
381,Koryukivka,AU,-16.9167,145.7667,72.07,94,6,8.05,clear sky
382,Kibala,AU,-16.9167,145.7667,72.07,94,6,8.05,clear sky
383,Byron Bay,AU,-16.9167,145.7667,72.07,94,6,8.05,clear sky
384,Synya,AU,-16.9167,145.7667,72.07,94,6,8.05,clear sky
385,Lyngseidet,AU,-16.9167,145.7667,72.07,94,6,8.05,clear sky
386,Sibu,AU,-16.9167,145.7667,72.07,94,6,8.05,clear sky
387,Sitka,AU,-16.9167,145.7667,72.07,94,6,8.05,clear sky
388,Andenes,AU,-16.9167,145.7667,72.07,94,6,8.05,clear sky
389,Muncar,AU,-16.9167,145.7667,72.07,94,6,8.05,clear sky
390,Ozinki,AU,-16.9167,145.7667,72.07,94,6,8.05,clear sky
391,Shimoda,AU,-16.9167,145.7667,72.07,94,6,8.05,clear sky
392,Kenai,AU,-16.9167,145.7667,72.07,94,6,8.05,clear sky
393,Buala,AU,-16.9167,145.7667,72.07,94,6,8.05,clear sky
394,Mount Darwin,AU,-16.9167,145.7667,72.07,94,6,8.05,clear sky
395,Ulaangom,AU,-16.9167,145.7667,72.07,94,6,8.05,clear sky
396,Mokrousovo,AU,-16.9167,145.7667,72.07,94,6,8.05,clear sky
397,Saint-Pierre,AU,-16.9167,145.7667,72.07,94,6,8.05,clear sky
398,Huanren,AU,-16.9167,145.7667,72.07,94,6,8.05,clear sky
399,Tutoia,AU,-16.9167,145.7667,72.07,94,6,8.05,clear sky
400,Ewo,AU,-16.9167,145.7667,72.07,94,6,8.05,clear sky
401,Sorvag,AU,-16.9167,145.7667,72.07,94,6,8.05,clear sky
402,Uyemskiy,AU,-16.9167,145.7667,72.07,94,6,8.05,clear sky
403,Pierre,AU,-16.9167,145.7667,72.07,94,6,8.05,clear sky
404,Trincomalee,AU,-16.9167,145.7667,72.07,94,6,8.05,clear sky
405,Calvinia,AU,-16.9167,145.7667,72.07,94,6,8.05,clear sky
406,Alekseyevka,AU,-16.9167,145.7667,72.07,94,6,8.05,clear sky
407,Lewiston,AU,-16.9167,145.7667,72.07,94,6,8.05,clear sky
408,Karauzyak,AU,-16.9167,145.7667,72.07,94,6,8.05,clear sky
409,Khandbari,AU,-16.9167,145.7667,72.07,94,6,8.05,clear sky
410,Tostamaa,AU,-16.9167,145.7667,72.07,94,6,8.05,clear sky
411,Mingguang,AU,-16.9167,145.7667,72.07,94,6,8.05,clear sky
412,Ambulu,AU,-16.9167,145.7667,72.07,94,6,8.05,clear sky
413,Haines Junction,AU,-16.9167,145.7667,72.07,94,6,8.05,clear sky
414,Auki,AU,-16.9167,145.7667,72.07,94,6,8.05,clear sky
415,Changying,AU,-16.9167,145.7667,72.07,94,6,8.05,clear sky
416,Xiaoyi,AU,-16.9167,145.7667,72.07,94,6,8.05,clear sky
417,Pedana,AU,-16.9167,145.7667,72.07,94,6,8.05,clear sky
418,Ilebo,AU,-16.9167,145.7667,72.07,94,6,8.05,clear sky
419,Bombay,AU,-16.9167,145.7667,72.07,94,6,8.05,clear sky
420,Zamora,AU,-16.9167,145.7667,72.07,94,6,8.05,clear sky
421,Ilinsko-Podomskoye,AU,-16.9167,145.7667,72.07,94,6,8.05,clear sky
422,Dukhovnitskoye,AU,-16.9167,145.7667,72.07,94,6,8.05,clear sky
423,Tiznit,AU,-16.9167,145.7667,72.07,94,6,8.05,clear sky
424,Port Lincoln,AU,-16.9167,145.7667,72.07,94,6,8.05,clear sky
425,Vaitape,AU,-16.9167,145.7667,72.07,94,6,8.05,clear sky
426,Charters Towers,AU,-16.9167,145.7667,72.07,94,6,8.05,clear sky
427,Hidalgo,AU,-16.9167,145.7667,72.07,94,6,8.05,clear sky
428,Yenagoa,AU,-16.9167,145.7667,72.07,94,6,8.05,clear sky
429,Gallup,AU,-16.9167,145.7667,72.07,94,6,8.05,clear sky
430,Cheney,AU,-16.9167,145.7667,72.07,94,6,8.05,clear sky
431,Jagalur,AU,-16.9167,145.7667,72.07,94,6,8.05,clear sky
432,Mehamn,AU,-16.9167,145.7667,72.07,94,6,8.05,clear sky
433,Russkaya Polyana,AU,-16.9167,145.7667,72.07,94,6,8.05,clear sky
434,Ayan,AU,-16.9167,145.7667,72.07,94,6,8.05,clear sky
435,Concepcion,AU,-16.9167,145.7667,72.07,94,6,8.05,clear sky
436,Nam Tha,AU,-16.9167,145.7667,72.07,94,6,8.05,clear sky
437,Kunming,AU,-16.9167,145.7667,72.07,94,6,8.05,clear sky
438,Tidore,AU,-16.9167,145.7667,72.07,94,6,8.05,clear sky
439,Szentlorinc,AU,-16.9167,145.7667,72.07,94,6,8.05,clear sky
440,Turkistan,AU,-16.9167,145.7667,72.07,94,6,8.05,clear sky
441,Palauig,AU,-16.9167,145.7667,72.07,94,6,8.05,clear sky
442,Bignona,AU,-16.9167,145.7667,72.07,94,6,8.05,clear sky
443,Naples,AU,-16.9167,145.7667,72.07,94,6,8.05,clear sky
444,Meulaboh,AU,-16.9167,145.7667,72.07,94,6,8.05,clear sky
445,Brae,AU,-16.9167,145.7667,72.07,94,6,8.05,clear sky
446,Hambantota,AU,-16.9167,145.7667,72.07,94,6,8.05,clear sky
447,Rogongon,AU,-16.9167,145.7667,72.07,94,6,8.05,clear sky
448,Nevelsk,AU,-16.9167,145.7667,72.07,94,6,8.05,clear sky
449,Flinders,AU,-16.9167,145.7667,72.07,94,6,8.05,clear sky
450,Aswan,AU,-16.9167,145.7667,72.07,94,6,8.05,clear sky
451,Wanning,AU,-16.9167,145.7667,72.07,94,6,8.05,clear sky
452,Dukat,AU,-16.9167,145.7667,72.07,94,6,8.05,clear sky
453,Ryotsu,AU,-16.9167,145.7667,72.07,94,6,8.05,clear sky
454,Manzanillo,AU,-16.9167,145.7667,72.07,94,6,8.05,clear sky
455,Kutum,AU,-16.9167,145.7667,72.07,94,6,8.05,clear sky
456,Odienne,AU,-16.9167,145.7667,72.07,94,6,8.05,clear sky
457,La Macarena,AU,-16.9167,145.7667,72.07,94,6,8.05,clear sky
458,Diu,AU,-16.9167,145.7667,72.07,94,6,8.05,clear sky
459,Mantua,AU,-16.9167,145.7667,72.07,94,6,8.05,clear sky
460,Angoche,AU,-16.9167,145.7667,72.07,94,6,8.05,clear sky
461,Nemuro,AU,-16.9167,145.7667,72.07,94,6,8.05,clear sky
462,Shubarkuduk,AU,-16.9167,145.7667,72.07,94,6,8.05,clear sky
463,Am Timan,AU,-16.9167,145.7667,72.07,94,6,8.05,clear sky
464,Igarka,AU,-16.9167,145.7667,72.07,94,6,8.05,clear sky
465,Arkadelphia,AU,-16.9167,145.7667,72.07,94,6,8.05,clear sky
466,Fairbanks,AU,-16.9167,145.7667,72.07,94,6,8.05,clear sky
467,Pisco,AU,-16.9167,145.7667,72.07,94,6,8.05,clear sky
468,Princeton,AU,-16.9167,145.7667,72.07,94,6,8.05,clear sky
469,Toropets,AU,-16.9167,145.7667,72.07,94,6,8.05,clear sky
470,Sussex,AU,-16.9167,145.7667,72.07,94,6,8.05,clear sky
471,Ye,AU,-16.9167,145.7667,72.07,94,6,8.05,clear sky
472,Port Hedland,AU,-16.9167,145.7667,72.07,94,6,8.05,clear sky
473,San Patricio,AU,-16.9167,145.7667,72.07,94,6,8.05,clear sky
474,Darhan,AU,-16.9167,145.7667,72.07,94,6,8.05,clear sky
475,Chikwawa,AU,-16.9167,145.7667,72.07,94,6,8.05,clear sky
476,Oloron-Sainte-Marie,AU,-16.9167,145.7667,72.07,94,6,8.05,clear sky
477,Te Anau,AU,-16.9167,145.7667,72.07,94,6,8.05,clear sky
478,Mundo Nuevo,AU,-16.9167,145.7667,72.07,94,6,8.05,clear sky
479,Tilichiki,AU,-16.9167,145.7667,72.07,94,6,8.05,clear sky
480,Ippy,AU,-16.9167,145.7667,72.07,94,6,8.05,clear sky
481,College,AU,-16.9167,145.7667,72.07,94,6,8.05,clear sky
482,Necochea,AU,-16.9167,145.7667,72.07,94,6,8.05,clear sky
483,Lakatoro,AU,-16.9167,145.7667,72.07,94,6,8.05,clear sky
484,Griffith,AU,-16.9167,145.7667,72.07,94,6,8.05,clear sky
485,Stephenville,AU,-16.9167,145.7667,72.07,94,6,8.05,clear sky
486,Hofn,AU,-16.9167,145.7667,72.07,94,6,8.05,clear sky
487,Riverton,AU,-16.9167,145.7667,72.07,94,6,8.05,clear sky
488,Babanusah,AU,-16.9167,145.7667,72.07,94,6,8.05,clear sky
489,Poum,AU,-16.9167,145.7667,72.07,94,6,8.05,clear sky
490,Saleaula,AU,-16.9167,145.7667,72.07,94,6,8.05,clear sky
491,Kirakira,AU,-16.9167,145.7667,72.07,94,6,8.05,clear sky
492,Dali,AU,-16.9167,145.7667,72.07,94,6,8.05,clear sky
493,Ghanzi,AU,-16.9167,145.7667,72.07,94,6,8.05,clear sky
494,Sinnamary,AU,-16.9167,145.7667,72.07,94,6,8.05,clear sky
495,Sunndalsora,AU,-16.9167,145.7667,72.07,94,6,8.05,clear sky
496,Rameshki,AU,-16.9167,145.7667,72.07,94,6,8.05,clear sky
497,Bur Gabo,AU,-16.9167,145.7667,72.07,94,6,8.05,clear sky
498,Grand Gaube,AU,-16.9167,145.7667,72.07,94,6,8.05,clear sky
499,Gubkinskiy,AU,-16.9167,145.7667,72.07,94,6,8.05,clear sky
500,Varnamo,AU,-16.9167,145.7667,72.07,94,6,8.05,clear sky
501,Gazojak,AU,-16.9167,145.7667,72.07,94,6,8.05,clear sky
502,Lazarev,AU,-16.9167,145.7667,72.07,94,6,8.05,clear sky
503,Marawi,AU,-16.9167,145.7667,72.07,94,6,8.05,clear sky
504,Lavrentiya,AU,-16.9167,145.7667,72.07,94,6,8.05,clear sky
505,Araouane,AU,-16.9167,145.7667,72.07,94,6,8.05,clear sky
506,Jahrom,AU,-16.9167,145.7667,72.07,94,6,8.05,clear sky
507,Prince Rupert,AU,-16.9167,145.7667,72.07,94,6,8.05,clear sky
508,Mbandaka,AU,-16.9167,145.7667,72.07,94,6,8.05,clear sky
509,Yaan,AU,-16.9167,145.7667,72.07,94,6,8.05,clear sky
510,Cananea,AU,-16.9167,145.7667,72.07,94,6,8.05,clear sky
511,Catamarca,AU,-16.9167,145.7667,72.07,94,6,8.05,clear sky
512,Narni,AU,-16.9167,145.7667,72.07,94,6,8.05,clear sky
513,Salta,AU,-16.9167,145.7667,72.07,94,6,8.05,clear sky
514,Ormara,AU,-16.9167,145.7667,72.07,94,6,8.05,clear sky
515,Esqueda,AU,-16.9167,145.7667,72.07,94,6,8.05,clear sky
516,Buenos Aires,AU,-16.9167,145.7667,72.07,94,6,8.05,clear sky
517,Rio Grande,AU,-16.9167,145.7667,72.07,94,6,8.05,clear sky
518,Witu,AU,-16.9167,145.7667,72.07,94,6,8.05,clear sky
519,Garowe,AU,-16.9167,145.7667,72.07,94,6,8.05,clear sky
520,Gainesville,AU,-16.9167,145.7667,72.07,94,6,8.05,clear sky
521,Pozo Colorado,AU,-16.9167,145.7667,72.07,94,6,8.05,clear sky
522,Mul,AU,-16.9167,145.7667,72.07,94,6,8.05,clear sky
523,Srednekolymsk,AU,-16.9167,145.7667,72.07,94,6,8.05,clear sky
524,Bundaberg,AU,-16.9167,145.7667,72.07,94,6,8.05,clear sky
525,Maues,AU,-16.9167,145.7667,72.07,94,6,8.05,clear sky
526,Nara,AU,-16.9167,145.7667,72.07,94,6,8.05,clear sky
527,Pandan,AU,-16.9167,145.7667,72.07,94,6,8.05,clear sky
528,Jibuti,AU,-16.9167,145.7667,72.07,94,6,8.05,clear sky
529,Athabasca,AU,-16.9167,145.7667,72.07,94,6,8.05,clear sky
530,Rafai,AU,-16.9167,145.7667,72.07,94,6,8.05,clear sky
531,Alcudia,AU,-16.9167,145.7667,72.07,94,6,8.05,clear sky
532,Naze,AU,-16.9167,145.7667,72.07,94,6,8.05,clear sky
533,Nishihara,AU,-16.9167,145.7667,72.07,94,6,8.05,clear sky
534,Lincoln,AU,-16.9167,145.7667,72.07,94,6,8.05,clear sky
535,Kieta,AU,-16.9167,145.7667,72.07,94,6,8.05,clear sky
536,Mangai,AU,-16.9167,145.7667,72.07,94,6,8.05,clear sky
537,French Harbor,AU,-16.9167,145.7667,72.07,94,6,8.05,clear sky
538,Ust-Koksa,AU,-16.9167,145.7667,72.07,94,6,8.05,clear sky
539,Hervey Bay,AU,-16.9167,145.7667,72.07,94,6,8.05,clear sky
540,Lewistown,AU,-16.9167,145.7667,72.07,94,6,8.05,clear sky
541,Tamandare,AU,-16.9167,145.7667,72.07,94,6,8.05,clear sky
542,Vanavara,AU,-16.9167,145.7667,72.07,94,6,8.05,clear sky
543,Sarkand,AU,-16.9167,145.7667,72.07,94,6,8.05,clear sky
544,Rwamagana,AU,-16.9167,145.7667,72.07,94,6,8.05,clear sky
545,Inongo,AU,-16.9167,145.7667,72.07,94,6,8.05,clear sky
546,Panzhihua,AU,-16.9167,145.7667,72.07,94,6,8.05,clear sky
547,Pangkalanbuun,AU,-16.9167,145.7667,72.07,94,6,8.05,clear sky
548,Agadez,AU,-16.9167,145.7667,72.07,94,6,8.05,clear sky
549,Bandar-E Lengeh,AU,-16.9167,145.7667,72.07,94,6,8.05,clear sky
550,Valdosta,AU,-16.9167,145.7667,72.07,94,6,8.05,clear sky
551,Damietta,AU,-16.9167,145.7667,72.07,94,6,8.05,clear sky
552,Sala,AU,-16.9167,145.7667,72.07,94,6,8.05,clear sky
553,Cockburn Town,AU,-16.9167,145.7667,72.07,94,6,8.05,clear sky
554,Tsihombe,AU,-16.9167,145.7667,72.07,94,6,8.05,clear sky
555,Canico,AU,-16.9167,145.7667,72.07,94,6,8.05,clear sky
556,Oksfjord,AU,-16.9167,145.7667,72.07,94,6,8.05,clear sky
557,Cayenne,AU,-16.9167,145.7667,72.07,94,6,8.05,clear sky
558,Tabialan,AU,-16.9167,145.7667,72.07,94,6,8.05,clear sky
559,Deming,AU,-16.9167,145.7667,72.07,94,6,8.05,clear sky
560,Luanda,AU,-16.9167,145.7667,72.07,94,6,8.05,clear sky
561,Sulangan,AU,-16.9167,145.7667,72.07,94,6,8.05,clear sky
562,Acari,AU,-16.9167,145.7667,72.07,94,6,8.05,clear sky
563,Bilma,AU,-16.9167,145.7667,72.07,94,6,8.05,clear sky
564,Coos Bay,AU,-16.9167,145.7667,72.07,94,6,8.05,clear sky
565,Taonan,AU,-16.9167,145.7667,72.07,94,6,8.05,clear sky
566,Williams Lake,AU,-16.9167,145.7667,72.07,94,6,8.05,clear sky
567,Tecoanapa,AU,-16.9167,145.7667,72.07,94,6,8.05,clear sky
568,Hunza,AU,-16.9167,145.7667,72.07,94,6,8.05,clear sky
569,Ordu,AU,-16.9167,145.7667,72.07,94,6,8.05,clear sky
570,Abu Samrah,AU,-16.9167,145.7667,72.07,94,6,8.05,clear sky
571,Broken Hill,AU,-16.9167,145.7667,72.07,94,6,8.05,clear sky
572,Lieksa,AU,-16.9167,145.7667,72.07,94,6,8.05,clear sky
573,Tapaua,AU,-16.9167,145.7667,72.07,94,6,8.05,clear sky
574,Terra Santa,AU,-16.9167,145.7667,72.07,94,6,8.05,clear sky
575,Havre-Saint-Pierre,AU,-16.9167,145.7667,72.07,94,6,8.05,clear sky
576,Jacareacanga,AU,-16.9167,145.7667,72.07,94,6,8.05,clear sky
577,Buchanan,AU,-16.9167,145.7667,72.07,94,6,8.05,clear sky
578,Pocone,AU,-16.9167,145.7667,72.07,94,6,8.05,clear sky
579,Maragogi,AU,-16.9167,145.7667,72.07,94,6,8.05,clear sky
580,Buluang,AU,-16.9167,145.7667,72.07,94,6,8.05,clear sky
581,High Level,AU,-16.9167,145.7667,72.07,94,6,8.05,clear sky
582,Kaili,AU,-16.9167,145.7667,72.07,94,6,8.05,clear sky
583,Krasnoyarsk-66,AU,-16.9167,145.7667,72.07,94,6,8.05,clear sky
584,Harper,AU,-16.9167,145.7667,72.07,94,6,8.05,clear sky
585,Amuntai,AU,-16.9167,145.7667,72.07,94,6,8.05,clear sky
586,Cabo San Lucas,AU,-16.9167,145.7667,72.07,94,6,8.05,clear sky
587,Verkhnevilyuysk,AU,-16.9167,145.7667,72.07,94,6,8.05,clear sky
588,Mumford,AU,-16.9167,145.7667,72.07,94,6,8.05,clear sky
589,Sur,AU,-16.9167,145.7667,72.07,94,6,8.05,clear sky
590,Santiago De Las Vegas,AU,-16.9167,145.7667,72.07,94,6,8.05,clear sky
591,Saint-Nazaire,AU,-16.9167,145.7667,72.07,94,6,8.05,clear sky
592,Yanliang,AU,-16.9167,145.7667,72.07,94,6,8.05,clear sky
593,Radcliff,AU,-16.9167,145.7667,72.07,94,6,8.05,clear sky
594,Puerto Escondido,AU,-16.9167,145.7667,72.07,94,6,8.05,clear sky
595,Doha,AU,-16.9167,145.7667,72.07,94,6,8.05,clear sky
596,San Clemente,AU,-16.9167,145.7667,72.07,94,6,8.05,clear sky
597,Le Vauclin,AU,-16.9167,145.7667,72.07,94,6,8.05,clear sky
598,Atherton,AU,-16.9167,145.7667,72.07,94,6,8.05,clear sky
599,Khandyga,AU,-16.9167,145.7667,72.07,94,6,8.05,clear sky
600,Santo Antonio Do Ica,AU,-16.9167,145.7667,72.07,94,6,8.05,clear sky
601,Berlevag,AU,-16.9167,145.7667,72.07,94,6,8.05,clear sky
602,Tianpeng,AU,-16.9167,145.7667,72.07,94,6,8.05,clear sky
603,Adamas,AU,-16.9167,145.7667,72.07,94,6,8.05,clear sky
604,Kedrovyy,AU,-16.9167,145.7667,72.07,94,6,8.05,clear sky
605,Marang,AU,-16.9167,145.7667,72.07,94,6,8.05,clear sky
606,Miranda Do Corvo,AU,-16.9167,145.7667,72.07,94,6,8.05,clear sky
607,Rockingham,AU,-16.9167,145.7667,72.07,94,6,8.05,clear sky
608,Matara,AU,-16.9167,145.7667,72.07,94,6,8.05,clear sky
609,Louisbourg,AU,-16.9167,145.7667,72.07,94,6,8.05,clear sky
610,Puerto Madero,AU,-16.9167,145.7667,72.07,94,6,8.05,clear sky
611,Panalingaan,AU,-16.9167,145.7667,72.07,94,6,8.05,clear sky
612,Banda Aceh,AU,-16.9167,145.7667,72.07,94,6,8.05,clear sky
613,Watertown,AU,-16.9167,145.7667,72.07,94,6,8.05,clear sky
614,Gangapur,AU,-16.9167,145.7667,72.07,94,6,8.05,clear sky
615,Katherine,AU,-16.9167,145.7667,72.07,94,6,8.05,clear sky
616,Kassala,AU,-16.9167,145.7667,72.07,94,6,8.05,clear sky
617,Gloversville,AU,-16.9167,145.7667,72.07,94,6,8.05,clear sky
618,Cidreira,AU,-16.9167,145.7667,72.07,94,6,8.05,clear sky
619,Kharan,AU,-16.9167,145.7667,72.07,94,6,8.05,clear sky
620,San Ignacio,AU,-16.9167,145.7667,72.07,94,6,8.05,clear sky
621,Otradnoye,AU,-16.9167,145.7667,72.07,94,6,8.05,clear sky
622,Miles City,AU,-16.9167,145.7667,72.07,94,6,8.05,clear sky
623,Pangnirtung,AU,-16.9167,145.7667,72.07,94,6,8.05,clear sky
624,Bull Savanna,AU,-16.9167,145.7667,72.07,94,6,8.05,clear sky
625,Corn Island,AU,-16.9167,145.7667,72.07,94,6,8.05,clear sky
626,Mount Gambier,AU,-16.9167,145.7667,72.07,94,6,8.05,clear sky
627,Maseru,AU,-16.9167,145.7667,72.07,94,6,8.05,clear sky
628,Sumbe,AU,-16.9167,145.7667,72.07,94,6,8.05,clear sky
629,Tautira,AU,-16.9167,145.7667,72.07,94,6,8.05,clear sky
630,Nyandoma,AU,-16.9167,145.7667,72.07,94,6,8.05,clear sky
631,Wabana,AU,-16.9167,145.7667,72.07,94,6,8.05,clear sky
632,Pauini,AU,-16.9167,145.7667,72.07,94,6,8.05,clear sky
633,Puksoozero,AU,-16.9167,145.7667,72.07,94,6,8.05,clear sky
634,Santa Lucia,AU,-16.9167,145.7667,72.07,94,6,8.05,clear sky
635,Soyo,AU,-16.9167,145.7667,72.07,94,6,8.05,clear sky
636,Kaoma,AU,-16.9167,145.7667,72.07,94,6,8.05,clear sky
637,Chunhuhub,AU,-16.9167,145.7667,72.07,94,6,8.05,clear sky
638,Sfantu Gheorghe,AU,-16.9167,145.7667,72.07,94,6,8.05,clear sky
639,Awjilah,AU,-16.9167,145.7667,72.07,94,6,8.05,clear sky
640,Bonavista,AU,-16.9167,145.7667,72.07,94,6,8.05,clear sky
641,Cordoba,AU,-16.9167,145.7667,72.07,94,6,8.05,clear sky
642,Moose Factory,AU,-16.9167,145.7667,72.07,94,6,8.05,clear sky
643,Terrace,AU,-16.9167,145.7667,72.07,94,6,8.05,clear sky
644,Jalu,AU,-16.9167,145.7667,72.07,94,6,8.05,clear sky
645,Riviere-Du-Loup,AU,-16.9167,145.7667,72.07,94,6,8.05,clear sky
646,Najran,AU,-16.9167,145.7667,72.07,94,6,8.05,clear sky
647,Yamachiche,AU,-16.9167,145.7667,72.07,94,6,8.05,clear sky
648,Chardara,AU,-16.9167,145.7667,72.07,94,6,8.05,clear sky
649,Fushun,AU,-16.9167,145.7667,72.07,94,6,8.05,clear sky
650,Zhezkazgan,AU,-16.9167,145.7667,72.07,94,6,8.05,clear sky
651,Caconda,AU,-16.9167,145.7667,72.07,94,6,8.05,clear sky
652,Kijang,AU,-16.9167,145.7667,72.07,94,6,8.05,clear sky
653,Senhor Do Bonfim,AU,-16.9167,145.7667,72.07,94,6,8.05,clear sky
654,Broome,AU,-16.9167,145.7667,72.07,94,6,8.05,clear sky
655,Sabang,AU,-16.9167,145.7667,72.07,94,6,8.05,clear sky
656,Garden City,AU,-16.9167,145.7667,72.07,94,6,8.05,clear sky
657,Mandan,AU,-16.9167,145.7667,72.07,94,6,8.05,clear sky
658,Alugan,AU,-16.9167,145.7667,72.07,94,6,8.05,clear sky
659,Sankt Leon-Rot,AU,-16.9167,145.7667,72.07,94,6,8.05,clear sky
660,Taraza,AU,-16.9167,145.7667,72.07,94,6,8.05,clear sky
661,Petropavlovsk-Kamchatskiy,AU,-16.9167,145.7667,72.07,94,6,8.05,clear sky
662,Lodja,AU,-16.9167,145.7667,72.07,94,6,8.05,clear sky
663,Emerald,AU,-16.9167,145.7667,72.07,94,6,8.05,clear sky
664,San Angelo,AU,-16.9167,145.7667,72.07,94,6,8.05,clear sky
665,Nelson Bay,AU,-16.9167,145.7667,72.07,94,6,8.05,clear sky
666,Ksenyevka,AU,-16.9167,145.7667,72.07,94,6,8.05,clear sky
667,Puerto Del Rosario,AU,-16.9167,145.7667,72.07,94,6,8.05,clear sky
668,Lumeje,AU,-16.9167,145.7667,72.07,94,6,8.05,clear sky
669,Lyubeshiv,AU,-16.9167,145.7667,72.07,94,6,8.05,clear sky
670,Bathsheba,AU,-16.9167,145.7667,72.07,94,6,8.05,clear sky
671,Pontianak,AU,-16.9167,145.7667,72.07,94,6,8.05,clear sky
672,Kroya,AU,-16.9167,145.7667,72.07,94,6,8.05,clear sky
673,Shenzhen,AU,-16.9167,145.7667,72.07,94,6,8.05,clear sky
674,Zhuhai,AU,-16.9167,145.7667,72.07,94,6,8.05,clear sky
675,Taunggyi,AU,-16.9167,145.7667,72.07,94,6,8.05,clear sky
676,Port Blair,AU,-16.9167,145.7667,72.07,94,6,8.05,clear sky
677,Gondanglegi,AU,-16.9167,145.7667,72.07,94,6,8.05,clear sky
678,Half Moon Bay,AU,-16.9167,145.7667,72.07,94,6,8.05,clear sky
679,Saint-Joseph,AU,-16.9167,145.7667,72.07,94,6,8.05,clear sky
680,Chagda,AU,-16.9167,145.7667,72.07,94,6,8.05,clear sky
681,Kodino,AU,-16.9167,145.7667,72.07,94,6,8.05,clear sky
682,Lepenou,AU,-16.9167,145.7667,72.07,94,6,8.05,clear sky
683,Taurianova,AU,-16.9167,145.7667,72.07,94,6,8.05,clear sky
684,Svetlogorsk,AU,-16.9167,145.7667,72.07,94,6,8.05,clear sky
685,Kudahuvadhoo,AU,-16.9167,145.7667,72.07,94,6,8.05,clear sky
686,Semey,AU,-16.9167,145.7667,72.07,94,6,8.05,clear sky
687,Daru,AU,-16.9167,145.7667,72.07,94,6,8.05,clear sky
688,Coaldale,AU,-16.9167,145.7667,72.07,94,6,8.05,clear sky
689,Vanimo,AU,-16.9167,145.7667,72.07,94,6,8.05,clear sky
690,Alofi,AU,-16.9167,145.7667,72.07,94,6,8.05,clear sky
691,Muros,AU,-16.9167,145.7667,72.07,94,6,8.05,clear sky
692,Warqla,AU,-16.9167,145.7667,72.07,94,6,8.05,clear sky
693,Novodugino,AU,-16.9167,145.7667,72.07,94,6,8.05,clear sky
694,Pine Bluff,AU,-16.9167,145.7667,72.07,94,6,8.05,clear sky
695,Jiguani,AU,-16.9167,145.7667,72.07,94,6,8.05,clear sky
696,Vila Franca Do Campo,AU,-16.9167,145.7667,72.07,94,6,8.05,clear sky
697,Aberdeen,AU,-16.9167,145.7667,72.07,94,6,8.05,clear sky
698,Rovaniemi,AU,-16.9167,145.7667,72.07,94,6,8.05,clear sky
699,Kuala Terengganu,AU,-16.9167,145.7667,72.07,94,6,8.05,clear sky
700,Fatezh,AU,-16.9167,145.7667,72.07,94,6,8.05,clear sky
701,Esil,AU,-16.9167,145.7667,72.07,94,6,8.05,clear sky
702,Tobermory,AU,-16.9167,145.7667,72.07,94,6,8.05,clear sky
703,Acapulco,AU,-16.9167,145.7667,72.07,94,6,8.05,clear sky
704,Suntar,AU,-16.9167,145.7667,72.07,94,6,8.05,clear sky
705,Whitehorse,AU,-16.9167,145.7667,72.07,94,6,8.05,clear sky
706,Namie,AU,-16.9167,145.7667,72.07,94,6,8.05,clear sky
707,Luau,AU,-16.9167,145.7667,72.07,94,6,8.05,clear sky
708,Lufkin,AU,-16.9167,145.7667,72.07,94,6,8.05,clear sky
709,Ichinohe,AU,-16.9167,145.7667,72.07,94,6,8.05,clear sky
710,Mutsamudu,AU,-16.9167,145.7667,72.07,94,6,8.05,clear sky
711,Harlingen,AU,-16.9167,145.7667,72.07,94,6,8.05,clear sky
712,Mangan,AU,-16.9167,145.7667,72.07,94,6,8.05,clear sky
713,Thinadhoo,AU,-16.9167,145.7667,72.07,94,6,8.05,clear sky
714,Salinas,AU,-16.9167,145.7667,72.07,94,6,8.05,clear sky
715,Dabrowa Tarnowska,AU,-16.9167,145.7667,72.07,94,6,8.05,clear sky
716,Jega,AU,-16.9167,145.7667,72.07,94,6,8.05,clear sky
717,Moree,AU,-16.9167,145.7667,72.07,94,6,8.05,clear sky
718,Arman,AU,-16.9167,145.7667,72.07,94,6,8.05,clear sky
719,Sampit,AU,-16.9167,145.7667,72.07,94,6,8.05,clear sky
720,Kaka,AU,-16.9167,145.7667,72.07,94,6,8.05,clear sky
721,Brownfield,AU,-16.9167,145.7667,72.07,94,6,8.05,clear sky
722,Karratha,AU,-16.9167,145.7667,72.07,94,6,8.05,clear sky
723,Akyab,AU,-16.9167,145.7667,72.07,94,6,8.05,clear sky
724,Tamano,AU,-16.9167,145.7667,72.07,94,6,8.05,clear sky
725,Liapades,AU,-16.9167,145.7667,72.07,94,6,8.05,clear sky
726,Vagur,AU,-16.9167,145.7667,72.07,94,6,8.05,clear sky
727,Lichinga,AU,-16.9167,145.7667,72.07,94,6,8.05,clear sky
728,Kaduqli,AU,-16.9167,145.7667,72.07,94,6,8.05,clear sky
729,Teya,AU,-16.9167,145.7667,72.07,94,6,8.05,clear sky
730,Axim,AU,-16.9167,145.7667,72.07,94,6,8.05,clear sky
731,Longjiang,AU,-16.9167,145.7667,72.07,94,6,8.05,clear sky
732,Lampang,AU,-16.9167,145.7667,72.07,94,6,8.05,clear sky
733,Saint-Augustin,AU,-16.9167,145.7667,72.07,94,6,8.05,clear sky
734,Oranjemund,AU,-16.9167,145.7667,72.07,94,6,8.05,clear sky
735,Dingle,AU,-16.9167,145.7667,72.07,94,6,8.05,clear sky
736,Antsohihy,AU,-16.9167,145.7667,72.07,94,6,8.05,clear sky
737,Hare Bay,AU,-16.9167,145.7667,72.07,94,6,8.05,clear sky
738,Olenino,AU,-16.9167,145.7667,72.07,94,6,8.05,clear sky
739,Zaria,AU,-16.9167,145.7667,72.07,94,6,8.05,clear sky
740,Shetpe,AU,-16.9167,145.7667,72.07,94,6,8.05,clear sky
741,Marcona,AU,-16.9167,145.7667,72.07,94,6,8.05,clear sky
742,Cairns,AU,-16.9167,145.7667,72.07,94,6,8.05,clear sky
